"001","910101","チョコレ－ト","0000000000001","","チョコレ－ト商品１","100g","91","9101","","","","","","","","","","","","","","","","","","","","","","3","3","3","3","","","","","","","","","","","","","","","",""
"002","910101","チョコレ－ト","0000000000002","","チョコレ－ト商品２","100g","91","9101","","","","","","","","","","","","","","","","","","","","","","3","3","3","3","","","","","","","","","","","","","","","",""
"003","910101","チョコレ－ト","0000000000003","","チョコレ－ト商品３","100g","91","9101","","","","","","","","","","","","","","","","","","","","","","3","3","3","3","","","","","","","","","","","","","","","",""
"004","910101","チョコレ－ト","0000000000004","","チョコレ－ト商品４","100g","91","9101","","","","","","","","","","","","","","","","","","","","","","3","3","3","3","","","","","","","","","","","","","","","",""
"005","910101","チョコレ－ト","0000000000005","","チョコレ－ト商品５","100g","91","9101","","","","","","","","","","","","","","","","","","","","","","3","3","3","3","","","","","","","","","","","","","","","",""
"006","910101","チョコレ－ト","0000000000006","","チョコレ－ト商品６","100g","91","9101","","","","","","","","","","","","","","","","","","","","","","3","3","3","3","","","","","","","","","","","","","","","",""
"007","910101","チョコレ－ト","0000000000007","","チョコレ－ト商品７","100g","91","9101","","","","","","","","","","","","","","","","","","","","","","3","3","3","3","","","","","","","","","","","","","","","",""
"008","910101","チョコレ－ト","0000000000008","","チョコレ－ト商品８","100g","91","9101","","","","","","","","","","","","","","","","","","","","","","3","3","3","3","","","","","","","","","","","","","","","",""
"009","910101","チョコレ－ト","0000000000009","","チョコレ－ト商品９","100g","91","9101","","","","","","","","","","","","","","","","","","","","","","3","3","3","3","","","","","","","","","","","","","","","",""
"010","910101","チョコレ－ト","0000000000010","","チョコレ－ト商品１０","100g","91","9101","","","","","","","","","","","","","","","","","","","","","","3","3","3","3","","","","","","","","","","","","","","","",""
"011","910101","チョコレ－ト","0000000000011","","チョコレ－ト商品１１","100g","91","9101","","","","","","","","","","","","","","","","","","","","","","3","3","3","3","","","","","","","","","","","","","","","",""
"012","910101","チョコレ－ト","0000000000012","","チョコレ－ト商品１２","100g","91","9101","","","","","","","","","","","","","","","","","","","","","","3","3","3","3","","","","","","","","","","","","","","","",""
"013","910101","チョコレ－ト","0000000000013","","チョコレ－ト商品１３","100g","91","9101","","","","","","","","","","","","","","","","","","","","","","3","3","3","3","","","","","","","","","","","","","","","",""
"014","910101","チョコレ－ト","0000000000014","","チョコレ－ト商品１４","100g","91","9101","","","","","","","","","","","","","","","","","","","","","","3","3","3","3","","","","","","","","","","","","","","","",""
"015","910101","チョコレ－ト","0000000000015","","チョコレ－ト商品１５","100g","91","9101","","","","","","","","","","","","","","","","","","","","","","3","3","3","3","","","","","","","","","","","","","","","",""
"016","910101","チョコレ－ト","0000000000016","","チョコレ－ト商品１６","100g","91","9101","","","","","","","","","","","","","","","","","","","","","","3","3","3","3","","","","","","","","","","","","","","","",""
"017","910101","チョコレ－ト","0000000000017","","チョコレ－ト商品１７","100g","91","9101","","","","","","","","","","","","","","","","","","","","","","3","3","3","3","","","","","","","","","","","","","","","",""
"018","910101","チョコレ－ト","0000000000018","","チョコレ－ト商品１８","100g","91","9101","","","","","","","","","","","","","","","","","","","","","","3","3","3","3","","","","","","","","","","","","","","","",""
"019","910101","チョコレ－ト","0000000000019","","チョコレ－ト商品１９","100g","91","9101","","","","","","","","","","","","","","","","","","","","","","3","3","3","3","","","","","","","","","","","","","","","",""
"020","910101","チョコレ－ト","0000000000020","","チョコレ－ト商品２０","100g","91","9101","","","","","","","","","","","","","","","","","","","","","","3","3","3","3","","","","","","","","","","","","","","","",""
"021","910101","チョコレ－ト","0000000000021","","チョコレ－ト商品２１","100g","91","9101","","","","","","","","","","","","","","","","","","","","","","3","3","3","3","","","","","","","","","","","","","","","",""
"022","910101","チョコレ－ト","0000000000022","","チョコレ－ト商品２２","100g","91","9101","","","","","","","","","","","","","","","","","","","","","","3","3","3","3","","","","","","","","","","","","","","","",""
"023","910101","チョコレ－ト","0000000000023","","チョコレ－ト商品２３","100g","91","9101","","","","","","","","","","","","","","","","","","","","","","3","3","3","3","","","","","","","","","","","","","","","",""
"024","910101","チョコレ－ト","0000000000024","","チョコレ－ト商品２４","100g","91","9101","","","","","","","","","","","","","","","","","","","","","","3","3","3","3","","","","","","","","","","","","","","","",""
"025","910101","チョコレ－ト","0000000000025","","チョコレ－ト商品２５","100g","91","9101","","","","","","","","","","","","","","","","","","","","","","3","3","3","3","","","","","","","","","","","","","","","",""
"026","910101","チョコレ－ト","0000000000026","","チョコレ－ト商品２６","100g","91","9101","","","","","","","","","","","","","","","","","","","","","","3","3","3","3","","","","","","","","","","","","","","","",""
"027","910101","チョコレ－ト","0000000000027","","チョコレ－ト商品２７","100g","91","9101","","","","","","","","","","","","","","","","","","","","","","3","3","3","3","","","","","","","","","","","","","","","",""
"028","910101","チョコレ－ト","0000000000028","","チョコレ－ト商品２８","100g","91","9101","","","","","","","","","","","","","","","","","","","","","","3","3","3","3","","","","","","","","","","","","","","","",""
"029","910101","チョコレ－ト","0000000000029","","チョコレ－ト商品２９","100g","91","9101","","","","","","","","","","","","","","","","","","","","","","3","3","3","3","","","","","","","","","","","","","","","",""
"030","910101","チョコレ－ト","0000000000030","","チョコレ－ト商品３０","100g","91","9101","","","","","","","","","","","","","","","","","","","","","","3","3","3","3","","","","","","","","","","","","","","","",""
"031","910101","チョコレ－ト","0000000000031","","チョコレ－ト商品３１","100g","91","9101","","","","","","","","","","","","","","","","","","","","","","3","3","3","3","","","","","","","","","","","","","","","",""
"032","910101","チョコレ－ト","0000000000032","","チョコレ－ト商品３２","100g","91","9101","","","","","","","","","","","","","","","","","","","","","","3","3","3","3","","","","","","","","","","","","","","","",""
"033","910101","チョコレ－ト","0000000000033","","チョコレ－ト商品３３","100g","91","9101","","","","","","","","","","","","","","","","","","","","","","3","3","3","3","","","","","","","","","","","","","","","",""
"034","910101","チョコレ－ト","0000000000034","","チョコレ－ト商品３４","100g","91","9101","","","","","","","","","","","","","","","","","","","","","","3","3","3","3","","","","","","","","","","","","","","","",""
"035","910101","チョコレ－ト","0000000000035","","チョコレ－ト商品３５","100g","91","9101","","","","","","","","","","","","","","","","","","","","","","3","3","3","3","","","","","","","","","","","","","","","",""
"036","910101","チョコレ－ト","0000000000036","","チョコレ－ト商品３６","100g","91","9101","","","","","","","","","","","","","","","","","","","","","","3","3","3","3","","","","","","","","","","","","","","","",""
"037","910101","チョコレ－ト","0000000000037","","チョコレ－ト商品３７","100g","91","9101","","","","","","","","","","","","","","","","","","","","","","3","3","3","3","","","","","","","","","","","","","","","",""
"038","910101","チョコレ－ト","0000000000038","","チョコレ－ト商品３８","100g","91","9101","","","","","","","","","","","","","","","","","","","","","","3","3","3","3","","","","","","","","","","","","","","","",""
"039","910101","チョコレ－ト","0000000000039","","チョコレ－ト商品３９","100g","91","9101","","","","","","","","","","","","","","","","","","","","","","3","3","3","3","","","","","","","","","","","","","","","",""
"040","910101","チョコレ－ト","0000000000040","","チョコレ－ト商品４０","100g","91","9101","","","","","","","","","","","","","","","","","","","","","","3","3","3","3","","","","","","","","","","","","","","","",""
"041","910101","チョコレ－ト","0000000000041","","チョコレ－ト商品４１","100g","91","9101","","","","","","","","","","","","","","","","","","","","","","3","3","3","3","","","","","","","","","","","","","","","",""
"042","910101","チョコレ－ト","0000000000042","","チョコレ－ト商品４２","100g","91","9101","","","","","","","","","","","","","","","","","","","","","","3","3","3","3","","","","","","","","","","","","","","","",""
"043","910101","チョコレ－ト","0000000000043","","チョコレ－ト商品４３","100g","91","9101","","","","","","","","","","","","","","","","","","","","","","3","3","3","3","","","","","","","","","","","","","","","",""
"044","910101","チョコレ－ト","0000000000044","","チョコレ－ト商品４４","100g","91","9101","","","","","","","","","","","","","","","","","","","","","","3","3","3","3","","","","","","","","","","","","","","","",""
"045","910101","チョコレ－ト","0000000000045","","チョコレ－ト商品４５","100g","91","9101","","","","","","","","","","","","","","","","","","","","","","3","3","3","3","","","","","","","","","","","","","","","",""
"046","910101","チョコレ－ト","0000000000046","","チョコレ－ト商品４６","100g","91","9101","","","","","","","","","","","","","","","","","","","","","","3","3","3","3","","","","","","","","","","","","","","","",""
"047","910101","チョコレ－ト","0000000000047","","チョコレ－ト商品４７","100g","91","9101","","","","","","","","","","","","","","","","","","","","","","3","3","3","3","","","","","","","","","","","","","","","",""
"048","910101","チョコレ－ト","0000000000048","","チョコレ－ト商品４８","100g","91","9101","","","","","","","","","","","","","","","","","","","","","","3","3","3","3","","","","","","","","","","","","","","","",""
"049","910101","チョコレ－ト","0000000000049","","チョコレ－ト商品４９","100g","91","9101","","","","","","","","","","","","","","","","","","","","","","3","3","3","3","","","","","","","","","","","","","","","",""
"050","910101","チョコレ－ト","0000000000050","","チョコレ－ト商品５０","100g","91","9101","","","","","","","","","","","","","","","","","","","","","","3","3","3","3","","","","","","","","","","","","","","","",""
"051","910101","チョコレ－ト","0000000000051","","チョコレ－ト商品５１","100g","91","9101","","","","","","","","","","","","","","","","","","","","","","3","3","3","3","","","","","","","","","","","","","","","",""
"052","910101","チョコレ－ト","0000000000052","","チョコレ－ト商品５２","100g","91","9101","","","","","","","","","","","","","","","","","","","","","","3","3","3","3","","","","","","","","","","","","","","","",""
"053","910101","チョコレ－ト","0000000000053","","チョコレ－ト商品５３","100g","91","9101","","","","","","","","","","","","","","","","","","","","","","3","3","3","3","","","","","","","","","","","","","","","",""
"054","910101","チョコレ－ト","0000000000054","","チョコレ－ト商品５４","100g","91","9101","","","","","","","","","","","","","","","","","","","","","","3","3","3","3","","","","","","","","","","","","","","","",""
"055","910101","チョコレ－ト","0000000000055","","チョコレ－ト商品５５","100g","91","9101","","","","","","","","","","","","","","","","","","","","","","3","3","3","3","","","","","","","","","","","","","","","",""
"056","910101","チョコレ－ト","0000000000056","","チョコレ－ト商品５６","100g","91","9101","","","","","","","","","","","","","","","","","","","","","","3","3","3","3","","","","","","","","","","","","","","","",""
"057","910101","チョコレ－ト","0000000000057","","チョコレ－ト商品５７","100g","91","9101","","","","","","","","","","","","","","","","","","","","","","3","3","3","3","","","","","","","","","","","","","","","",""
"058","910101","チョコレ－ト","0000000000058","","チョコレ－ト商品５８","100g","91","9101","","","","","","","","","","","","","","","","","","","","","","3","3","3","3","","","","","","","","","","","","","","","",""
"059","910101","チョコレ－ト","0000000000059","","チョコレ－ト商品５９","100g","91","9101","","","","","","","","","","","","","","","","","","","","","","3","3","3","3","","","","","","","","","","","","","","","",""
"060","910101","チョコレ－ト","0000000000060","","チョコレ－ト商品６０","100g","91","9101","","","","","","","","","","","","","","","","","","","","","","3","3","3","3","","","","","","","","","","","","","","","",""
"061","910101","チョコレ－ト","0000000000061","","チョコレ－ト商品６１","100g","91","9101","","","","","","","","","","","","","","","","","","","","","","3","3","3","3","","","","","","","","","","","","","","","",""
"062","910101","チョコレ－ト","0000000000062","","チョコレ－ト商品６２","100g","91","9101","","","","","","","","","","","","","","","","","","","","","","3","3","3","3","","","","","","","","","","","","","","","",""
"063","910101","チョコレ－ト","0000000000063","","チョコレ－ト商品６３","100g","91","9101","","","","","","","","","","","","","","","","","","","","","","3","3","3","3","","","","","","","","","","","","","","","",""
"064","910101","チョコレ－ト","0000000000064","","チョコレ－ト商品６４","100g","91","9101","","","","","","","","","","","","","","","","","","","","","","3","3","3","3","","","","","","","","","","","","","","","",""
"065","910101","チョコレ－ト","0000000000065","","チョコレ－ト商品６５","100g","91","9101","","","","","","","","","","","","","","","","","","","","","","3","3","3","3","","","","","","","","","","","","","","","",""
"066","910101","チョコレ－ト","0000000000066","","チョコレ－ト商品６６","100g","91","9101","","","","","","","","","","","","","","","","","","","","","","3","3","3","3","","","","","","","","","","","","","","","",""
"067","910101","チョコレ－ト","0000000000067","","チョコレ－ト商品６７","100g","91","9101","","","","","","","","","","","","","","","","","","","","","","3","3","3","3","","","","","","","","","","","","","","","",""
"068","910101","チョコレ－ト","0000000000068","","チョコレ－ト商品６８","100g","91","9101","","","","","","","","","","","","","","","","","","","","","","3","3","3","3","","","","","","","","","","","","","","","",""
"069","910101","チョコレ－ト","0000000000069","","チョコレ－ト商品６９","100g","91","9101","","","","","","","","","","","","","","","","","","","","","","3","3","3","3","","","","","","","","","","","","","","","",""
"070","910101","チョコレ－ト","0000000000070","","チョコレ－ト商品７０","100g","91","9101","","","","","","","","","","","","","","","","","","","","","","3","3","3","3","","","","","","","","","","","","","","","",""
"071","910101","チョコレ－ト","0000000000071","","チョコレ－ト商品７１","100g","91","9101","","","","","","","","","","","","","","","","","","","","","","3","3","3","3","","","","","","","","","","","","","","","",""
"072","910101","チョコレ－ト","0000000000072","","チョコレ－ト商品７２","100g","91","9101","","","","","","","","","","","","","","","","","","","","","","3","3","3","3","","","","","","","","","","","","","","","",""
"073","910101","チョコレ－ト","0000000000073","","チョコレ－ト商品７３","100g","91","9101","","","","","","","","","","","","","","","","","","","","","","3","3","3","3","","","","","","","","","","","","","","","",""
"074","910101","チョコレ－ト","0000000000074","","チョコレ－ト商品７４","100g","91","9101","","","","","","","","","","","","","","","","","","","","","","3","3","3","3","","","","","","","","","","","","","","","",""
"075","910101","チョコレ－ト","0000000000075","","チョコレ－ト商品７５","100g","91","9101","","","","","","","","","","","","","","","","","","","","","","3","3","3","3","","","","","","","","","","","","","","","",""
"076","910101","チョコレ－ト","0000000000076","","チョコレ－ト商品７６","100g","91","9101","","","","","","","","","","","","","","","","","","","","","","3","3","3","3","","","","","","","","","","","","","","","",""
"077","910101","チョコレ－ト","0000000000077","","チョコレ－ト商品７７","100g","91","9101","","","","","","","","","","","","","","","","","","","","","","3","3","3","3","","","","","","","","","","","","","","","",""
"078","910101","チョコレ－ト","0000000000078","","チョコレ－ト商品７８","100g","91","9101","","","","","","","","","","","","","","","","","","","","","","3","3","3","3","","","","","","","","","","","","","","","",""
"079","910101","チョコレ－ト","0000000000079","","チョコレ－ト商品７９","100g","91","9101","","","","","","","","","","","","","","","","","","","","","","3","3","3","3","","","","","","","","","","","","","","","",""
"080","910101","チョコレ－ト","0000000000080","","チョコレ－ト商品８０","100g","91","9101","","","","","","","","","","","","","","","","","","","","","","3","3","3","3","","","","","","","","","","","","","","","",""
"081","910101","チョコレ－ト","0000000000081","","チョコレ－ト商品８１","100g","91","9101","","","","","","","","","","","","","","","","","","","","","","3","3","3","3","","","","","","","","","","","","","","","",""
"082","910101","チョコレ－ト","0000000000082","","チョコレ－ト商品８２","100g","91","9101","","","","","","","","","","","","","","","","","","","","","","3","3","3","3","","","","","","","","","","","","","","","",""
"083","910101","チョコレ－ト","0000000000083","","チョコレ－ト商品８３","100g","91","9101","","","","","","","","","","","","","","","","","","","","","","3","3","3","3","","","","","","","","","","","","","","","",""
"084","910101","チョコレ－ト","0000000000084","","チョコレ－ト商品８４","100g","91","9101","","","","","","","","","","","","","","","","","","","","","","3","3","3","3","","","","","","","","","","","","","","","",""
"085","910101","チョコレ－ト","0000000000085","","チョコレ－ト商品８５","100g","91","9101","","","","","","","","","","","","","","","","","","","","","","3","3","3","3","","","","","","","","","","","","","","","",""
"086","910101","チョコレ－ト","0000000000086","","チョコレ－ト商品８６","100g","91","9101","","","","","","","","","","","","","","","","","","","","","","3","3","3","3","","","","","","","","","","","","","","","",""
"087","910101","チョコレ－ト","0000000000087","","チョコレ－ト商品８７","100g","91","9101","","","","","","","","","","","","","","","","","","","","","","3","3","3","3","","","","","","","","","","","","","","","",""
"088","910101","チョコレ－ト","0000000000088","","チョコレ－ト商品８８","100g","91","9101","","","","","","","","","","","","","","","","","","","","","","3","3","3","3","","","","","","","","","","","","","","","",""
"089","910101","チョコレ－ト","0000000000089","","チョコレ－ト商品８９","100g","91","9101","","","","","","","","","","","","","","","","","","","","","","3","3","3","3","","","","","","","","","","","","","","","",""
"090","910101","チョコレ－ト","0000000000090","","チョコレ－ト商品９０","100g","91","9101","","","","","","","","","","","","","","","","","","","","","","3","3","3","3","","","","","","","","","","","","","","","",""
"091","910101","チョコレ－ト","0000000000091","","チョコレ－ト商品９１","100g","91","9101","","","","","","","","","","","","","","","","","","","","","","3","3","3","3","","","","","","","","","","","","","","","",""
"092","910101","チョコレ－ト","0000000000092","","チョコレ－ト商品９２","100g","91","9101","","","","","","","","","","","","","","","","","","","","","","3","3","3","3","","","","","","","","","","","","","","","",""
"093","910101","チョコレ－ト","0000000000093","","チョコレ－ト商品９３","100g","91","9101","","","","","","","","","","","","","","","","","","","","","","3","3","3","3","","","","","","","","","","","","","","","",""
"094","910101","チョコレ－ト","0000000000094","","チョコレ－ト商品９４","100g","91","9101","","","","","","","","","","","","","","","","","","","","","","3","3","3","3","","","","","","","","","","","","","","","",""
"095","910101","チョコレ－ト","0000000000095","","チョコレ－ト商品９５","100g","91","9101","","","","","","","","","","","","","","","","","","","","","","3","3","3","3","","","","","","","","","","","","","","","",""
"096","910101","チョコレ－ト","0000000000096","","チョコレ－ト商品９６","100g","91","9101","","","","","","","","","","","","","","","","","","","","","","3","3","3","3","","","","","","","","","","","","","","","",""
"097","910101","チョコレ－ト","0000000000097","","チョコレ－ト商品９７","100g","91","9101","","","","","","","","","","","","","","","","","","","","","","3","3","3","3","","","","","","","","","","","","","","","",""
"098","910101","チョコレ－ト","0000000000098","","チョコレ－ト商品９８","100g","91","9101","","","","","","","","","","","","","","","","","","","","","","3","3","3","3","","","","","","","","","","","","","","","",""
"099","910101","チョコレ－ト","0000000000099","","チョコレ－ト商品９９","100g","91","9101","","","","","","","","","","","","","","","","","","","","","","3","3","3","3","","","","","","","","","","","","","","","",""
"100","910101","チョコレ－ト","0000000000100","","チョコレ－ト商品１００","100g","91","9101","","","","","","","","","","","","","","","","","","","","","","3","3","3","3","","","","","","","","","","","","","","","",""
"101","910101","チョコレ－ト","0000000000101","","チョコレ－ト商品１０１","100g","91","9101","","","","","","","","","","","","","","","","","","","","","","3","3","3","3","","","","","","","","","","","","","","","",""
"102","910101","チョコレ－ト","0000000000102","","チョコレ－ト商品１０２","100g","91","9101","","","","","","","","","","","","","","","","","","","","","","3","3","3","3","","","","","","","","","","","","","","","",""
"103","910101","チョコレ－ト","0000000000103","","チョコレ－ト商品１０３","100g","91","9101","","","","","","","","","","","","","","","","","","","","","","3","3","3","3","","","","","","","","","","","","","","","",""
"104","910101","チョコレ－ト","0000000000104","","チョコレ－ト商品１０４","100g","91","9101","","","","","","","","","","","","","","","","","","","","","","3","3","3","3","","","","","","","","","","","","","","","",""
"105","910101","チョコレ－ト","0000000000105","","チョコレ－ト商品１０５","100g","91","9101","","","","","","","","","","","","","","","","","","","","","","3","3","3","3","","","","","","","","","","","","","","","",""
"106","910101","チョコレ－ト","0000000000106","","チョコレ－ト商品１０６","100g","91","9101","","","","","","","","","","","","","","","","","","","","","","3","3","3","3","","","","","","","","","","","","","","","",""
"107","910101","チョコレ－ト","0000000000107","","チョコレ－ト商品１０７","100g","91","9101","","","","","","","","","","","","","","","","","","","","","","3","3","3","3","","","","","","","","","","","","","","","",""
"108","910101","チョコレ－ト","0000000000108","","チョコレ－ト商品１０８","100g","91","9101","","","","","","","","","","","","","","","","","","","","","","3","3","3","3","","","","","","","","","","","","","","","",""
"109","910101","チョコレ－ト","0000000000109","","チョコレ－ト商品１０９","100g","91","9101","","","","","","","","","","","","","","","","","","","","","","3","3","3","3","","","","","","","","","","","","","","","",""
"110","910101","チョコレ－ト","0000000000110","","チョコレ－ト商品１１０","100g","91","9101","","","","","","","","","","","","","","","","","","","","","","3","3","3","3","","","","","","","","","","","","","","","",""
"111","910101","チョコレ－ト","0000000000111","","チョコレ－ト商品１１１","100g","91","9101","","","","","","","","","","","","","","","","","","","","","","3","3","3","3","","","","","","","","","","","","","","","",""
"112","910101","チョコレ－ト","0000000000112","","チョコレ－ト商品１１２","100g","91","9101","","","","","","","","","","","","","","","","","","","","","","3","3","3","3","","","","","","","","","","","","","","","",""
"113","910101","チョコレ－ト","0000000000113","","チョコレ－ト商品１１３","100g","91","9101","","","","","","","","","","","","","","","","","","","","","","3","3","3","3","","","","","","","","","","","","","","","",""
"114","910101","チョコレ－ト","0000000000114","","チョコレ－ト商品１１４","100g","91","9101","","","","","","","","","","","","","","","","","","","","","","3","3","3","3","","","","","","","","","","","","","","","",""
"115","910101","チョコレ－ト","0000000000115","","チョコレ－ト商品１１５","100g","91","9101","","","","","","","","","","","","","","","","","","","","","","3","3","3","3","","","","","","","","","","","","","","","",""
"116","910101","チョコレ－ト","0000000000116","","チョコレ－ト商品１１６","100g","91","9101","","","","","","","","","","","","","","","","","","","","","","3","3","3","3","","","","","","","","","","","","","","","",""
"117","910101","チョコレ－ト","0000000000117","","チョコレ－ト商品１１７","100g","91","9101","","","","","","","","","","","","","","","","","","","","","","3","3","3","3","","","","","","","","","","","","","","","",""
"118","910101","チョコレ－ト","0000000000118","","チョコレ－ト商品１１８","100g","91","9101","","","","","","","","","","","","","","","","","","","","","","3","3","3","3","","","","","","","","","","","","","","","",""
"119","910101","チョコレ－ト","0000000000119","","チョコレ－ト商品１１９","100g","91","9101","","","","","","","","","","","","","","","","","","","","","","3","3","3","3","","","","","","","","","","","","","","","",""
"120","910101","チョコレ－ト","0000000000120","","チョコレ－ト商品１２０","100g","91","9101","","","","","","","","","","","","","","","","","","","","","","3","3","3","3","","","","","","","","","","","","","","","",""
"121","910101","チョコレ－ト","0000000000121","","チョコレ－ト商品１２１","100g","91","9101","","","","","","","","","","","","","","","","","","","","","","3","3","3","3","","","","","","","","","","","","","","","",""
"122","910101","チョコレ－ト","0000000000122","","チョコレ－ト商品１２２","100g","91","9101","","","","","","","","","","","","","","","","","","","","","","3","3","3","3","","","","","","","","","","","","","","","",""
"123","910101","チョコレ－ト","0000000000123","","チョコレ－ト商品１２３","100g","91","9101","","","","","","","","","","","","","","","","","","","","","","3","3","3","3","","","","","","","","","","","","","","","",""
"124","910101","チョコレ－ト","0000000000124","","チョコレ－ト商品１２４","100g","91","9101","","","","","","","","","","","","","","","","","","","","","","3","3","3","3","","","","","","","","","","","","","","","",""
"125","910101","チョコレ－ト","0000000000125","","チョコレ－ト商品１２５","100g","91","9101","","","","","","","","","","","","","","","","","","","","","","3","3","3","3","","","","","","","","","","","","","","","",""
"126","910101","チョコレ－ト","0000000000126","","チョコレ－ト商品１２６","100g","91","9101","","","","","","","","","","","","","","","","","","","","","","3","3","3","3","","","","","","","","","","","","","","","",""
"127","910101","チョコレ－ト","0000000000127","","チョコレ－ト商品１２７","100g","91","9101","","","","","","","","","","","","","","","","","","","","","","3","3","3","3","","","","","","","","","","","","","","","",""
"128","910101","チョコレ－ト","0000000000128","","チョコレ－ト商品１２８","100g","91","9101","","","","","","","","","","","","","","","","","","","","","","3","3","3","3","","","","","","","","","","","","","","","",""
"129","910101","チョコレ－ト","0000000000129","","チョコレ－ト商品１２９","100g","91","9101","","","","","","","","","","","","","","","","","","","","","","3","3","3","3","","","","","","","","","","","","","","","",""
"130","910101","チョコレ－ト","0000000000130","","チョコレ－ト商品１３０","100g","91","9101","","","","","","","","","","","","","","","","","","","","","","3","3","3","3","","","","","","","","","","","","","","","",""
"131","910101","チョコレ－ト","0000000000131","","チョコレ－ト商品１３１","100g","91","9101","","","","","","","","","","","","","","","","","","","","","","3","3","3","3","","","","","","","","","","","","","","","",""
"132","910101","チョコレ－ト","0000000000132","","チョコレ－ト商品１３２","100g","91","9101","","","","","","","","","","","","","","","","","","","","","","3","3","3","3","","","","","","","","","","","","","","","",""
"133","910101","チョコレ－ト","0000000000133","","チョコレ－ト商品１３３","100g","91","9101","","","","","","","","","","","","","","","","","","","","","","3","3","3","3","","","","","","","","","","","","","","","",""
"134","910101","チョコレ－ト","0000000000134","","チョコレ－ト商品１３４","100g","91","9101","","","","","","","","","","","","","","","","","","","","","","3","3","3","3","","","","","","","","","","","","","","","",""
"135","910101","チョコレ－ト","0000000000135","","チョコレ－ト商品１３５","100g","91","9101","","","","","","","","","","","","","","","","","","","","","","3","3","3","3","","","","","","","","","","","","","","","",""
"136","910101","チョコレ－ト","0000000000136","","チョコレ－ト商品１３６","100g","91","9101","","","","","","","","","","","","","","","","","","","","","","3","3","3","3","","","","","","","","","","","","","","","",""
"137","910101","チョコレ－ト","0000000000137","","チョコレ－ト商品１３７","100g","91","9101","","","","","","","","","","","","","","","","","","","","","","3","3","3","3","","","","","","","","","","","","","","","",""
"138","910101","チョコレ－ト","0000000000138","","チョコレ－ト商品１３８","100g","91","9101","","","","","","","","","","","","","","","","","","","","","","3","3","3","3","","","","","","","","","","","","","","","",""
"139","910101","チョコレ－ト","0000000000139","","チョコレ－ト商品１３９","100g","91","9101","","","","","","","","","","","","","","","","","","","","","","3","3","3","3","","","","","","","","","","","","","","","",""
"140","910101","チョコレ－ト","0000000000140","","チョコレ－ト商品１４０","100g","91","9101","","","","","","","","","","","","","","","","","","","","","","3","3","3","3","","","","","","","","","","","","","","","",""
"141","910101","チョコレ－ト","0000000000141","","チョコレ－ト商品１４１","100g","91","9101","","","","","","","","","","","","","","","","","","","","","","3","3","3","3","","","","","","","","","","","","","","","",""
"142","910101","チョコレ－ト","0000000000142","","チョコレ－ト商品１４２","100g","91","9101","","","","","","","","","","","","","","","","","","","","","","3","3","3","3","","","","","","","","","","","","","","","",""
"143","910101","チョコレ－ト","0000000000143","","チョコレ－ト商品１４３","100g","91","9101","","","","","","","","","","","","","","","","","","","","","","3","3","3","3","","","","","","","","","","","","","","","",""
"144","910101","チョコレ－ト","0000000000144","","チョコレ－ト商品１４４","100g","91","9101","","","","","","","","","","","","","","","","","","","","","","3","3","3","3","","","","","","","","","","","","","","","",""
"145","910101","チョコレ－ト","0000000000145","","チョコレ－ト商品１４５","100g","91","9101","","","","","","","","","","","","","","","","","","","","","","3","3","3","3","","","","","","","","","","","","","","","",""
"146","910101","チョコレ－ト","0000000000146","","チョコレ－ト商品１４６","100g","91","9101","","","","","","","","","","","","","","","","","","","","","","3","3","3","3","","","","","","","","","","","","","","","",""
"147","910101","チョコレ－ト","0000000000147","","チョコレ－ト商品１４７","100g","91","9101","","","","","","","","","","","","","","","","","","","","","","3","3","3","3","","","","","","","","","","","","","","","",""
"148","910101","チョコレ－ト","0000000000148","","チョコレ－ト商品１４８","100g","91","9101","","","","","","","","","","","","","","","","","","","","","","3","3","3","3","","","","","","","","","","","","","","","",""
"149","910101","チョコレ－ト","0000000000149","","チョコレ－ト商品１４９","100g","91","9101","","","","","","","","","","","","","","","","","","","","","","3","3","3","3","","","","","","","","","","","","","","","",""
"150","910101","チョコレ－ト","0000000000150","","チョコレ－ト商品１５０","100g","91","9101","","","","","","","","","","","","","","","","","","","","","","3","3","3","3","","","","","","","","","","","","","","","",""
"151","910101","チョコレ－ト","0000000000151","","チョコレ－ト商品１５１","100g","91","9101","","","","","","","","","","","","","","","","","","","","","","3","3","3","3","","","","","","","","","","","","","","","",""
"152","910101","チョコレ－ト","0000000000152","","チョコレ－ト商品１５２","100g","91","9101","","","","","","","","","","","","","","","","","","","","","","3","3","3","3","","","","","","","","","","","","","","","",""
"153","910101","チョコレ－ト","0000000000153","","チョコレ－ト商品１５３","100g","91","9101","","","","","","","","","","","","","","","","","","","","","","3","3","3","3","","","","","","","","","","","","","","","",""
"154","910101","チョコレ－ト","0000000000154","","チョコレ－ト商品１５４","100g","91","9101","","","","","","","","","","","","","","","","","","","","","","3","3","3","3","","","","","","","","","","","","","","","",""
"155","910101","チョコレ－ト","0000000000155","","チョコレ－ト商品１５５","100g","91","9101","","","","","","","","","","","","","","","","","","","","","","3","3","3","3","","","","","","","","","","","","","","","",""
"156","910101","チョコレ－ト","0000000000156","","チョコレ－ト商品１５６","100g","91","9101","","","","","","","","","","","","","","","","","","","","","","3","3","3","3","","","","","","","","","","","","","","","",""
"157","910101","チョコレ－ト","0000000000157","","チョコレ－ト商品１５７","100g","91","9101","","","","","","","","","","","","","","","","","","","","","","3","3","3","3","","","","","","","","","","","","","","","",""
"158","910101","チョコレ－ト","0000000000158","","チョコレ－ト商品１５８","100g","91","9101","","","","","","","","","","","","","","","","","","","","","","3","3","3","3","","","","","","","","","","","","","","","",""
"159","910101","チョコレ－ト","0000000000159","","チョコレ－ト商品１５９","100g","91","9101","","","","","","","","","","","","","","","","","","","","","","3","3","3","3","","","","","","","","","","","","","","","",""
"160","910101","チョコレ－ト","0000000000160","","チョコレ－ト商品１６０","100g","91","9101","","","","","","","","","","","","","","","","","","","","","","3","3","3","3","","","","","","","","","","","","","","","",""
"161","910101","チョコレ－ト","0000000000161","","チョコレ－ト商品１６１","100g","91","9101","","","","","","","","","","","","","","","","","","","","","","3","3","3","3","","","","","","","","","","","","","","","",""
"162","910101","チョコレ－ト","0000000000162","","チョコレ－ト商品１６２","100g","91","9101","","","","","","","","","","","","","","","","","","","","","","3","3","3","3","","","","","","","","","","","","","","","",""
"163","910101","チョコレ－ト","0000000000163","","チョコレ－ト商品１６３","100g","91","9101","","","","","","","","","","","","","","","","","","","","","","3","3","3","3","","","","","","","","","","","","","","","",""
"164","910101","チョコレ－ト","0000000000164","","チョコレ－ト商品１６４","100g","91","9101","","","","","","","","","","","","","","","","","","","","","","3","3","3","3","","","","","","","","","","","","","","","",""
"165","910101","チョコレ－ト","0000000000165","","チョコレ－ト商品１６５","100g","91","9101","","","","","","","","","","","","","","","","","","","","","","3","3","3","3","","","","","","","","","","","","","","","",""
"166","910101","チョコレ－ト","0000000000166","","チョコレ－ト商品１６６","100g","91","9101","","","","","","","","","","","","","","","","","","","","","","3","3","3","3","","","","","","","","","","","","","","","",""
"167","910101","チョコレ－ト","0000000000167","","チョコレ－ト商品１６７","100g","91","9101","","","","","","","","","","","","","","","","","","","","","","3","3","3","3","","","","","","","","","","","","","","","",""
"168","910101","チョコレ－ト","0000000000168","","チョコレ－ト商品１６８","100g","91","9101","","","","","","","","","","","","","","","","","","","","","","3","3","3","3","","","","","","","","","","","","","","","",""
"169","910101","チョコレ－ト","0000000000169","","チョコレ－ト商品１６９","100g","91","9101","","","","","","","","","","","","","","","","","","","","","","3","3","3","3","","","","","","","","","","","","","","","",""
"170","910101","チョコレ－ト","0000000000170","","チョコレ－ト商品１７０","100g","91","9101","","","","","","","","","","","","","","","","","","","","","","3","3","3","3","","","","","","","","","","","","","","","",""
"171","910101","チョコレ－ト","0000000000171","","チョコレ－ト商品１７１","100g","91","9101","","","","","","","","","","","","","","","","","","","","","","3","3","3","3","","","","","","","","","","","","","","","",""
"172","910101","チョコレ－ト","0000000000172","","チョコレ－ト商品１７２","100g","91","9101","","","","","","","","","","","","","","","","","","","","","","3","3","3","3","","","","","","","","","","","","","","","",""
"173","910101","チョコレ－ト","0000000000173","","チョコレ－ト商品１７３","100g","91","9101","","","","","","","","","","","","","","","","","","","","","","3","3","3","3","","","","","","","","","","","","","","","",""
"174","910101","チョコレ－ト","0000000000174","","チョコレ－ト商品１７４","100g","91","9101","","","","","","","","","","","","","","","","","","","","","","3","3","3","3","","","","","","","","","","","","","","","",""
"175","910101","チョコレ－ト","0000000000175","","チョコレ－ト商品１７５","100g","91","9101","","","","","","","","","","","","","","","","","","","","","","3","3","3","3","","","","","","","","","","","","","","","",""
"176","910101","チョコレ－ト","0000000000176","","チョコレ－ト商品１７６","100g","91","9101","","","","","","","","","","","","","","","","","","","","","","3","3","3","3","","","","","","","","","","","","","","","",""
"177","910101","チョコレ－ト","0000000000177","","チョコレ－ト商品１７７","100g","91","9101","","","","","","","","","","","","","","","","","","","","","","3","3","3","3","","","","","","","","","","","","","","","",""
"178","910101","チョコレ－ト","0000000000178","","チョコレ－ト商品１７８","100g","91","9101","","","","","","","","","","","","","","","","","","","","","","3","3","3","3","","","","","","","","","","","","","","","",""
"179","910101","チョコレ－ト","0000000000179","","チョコレ－ト商品１７９","100g","91","9101","","","","","","","","","","","","","","","","","","","","","","3","3","3","3","","","","","","","","","","","","","","","",""
"180","910101","チョコレ－ト","0000000000180","","チョコレ－ト商品１８０","100g","91","9101","","","","","","","","","","","","","","","","","","","","","","3","3","3","3","","","","","","","","","","","","","","","",""
"181","910101","チョコレ－ト","0000000000181","","チョコレ－ト商品１８１","100g","91","9101","","","","","","","","","","","","","","","","","","","","","","3","3","3","3","","","","","","","","","","","","","","","",""
"182","910101","チョコレ－ト","0000000000182","","チョコレ－ト商品１８２","100g","91","9101","","","","","","","","","","","","","","","","","","","","","","3","3","3","3","","","","","","","","","","","","","","","",""
"183","910101","チョコレ－ト","0000000000183","","チョコレ－ト商品１８３","100g","91","9101","","","","","","","","","","","","","","","","","","","","","","3","3","3","3","","","","","","","","","","","","","","","",""
"184","910101","チョコレ－ト","0000000000184","","チョコレ－ト商品１８４","100g","91","9101","","","","","","","","","","","","","","","","","","","","","","3","3","3","3","","","","","","","","","","","","","","","",""
"185","910101","チョコレ－ト","0000000000185","","チョコレ－ト商品１８５","100g","91","9101","","","","","","","","","","","","","","","","","","","","","","3","3","3","3","","","","","","","","","","","","","","","",""
"186","910101","チョコレ－ト","0000000000186","","チョコレ－ト商品１８６","100g","91","9101","","","","","","","","","","","","","","","","","","","","","","3","3","3","3","","","","","","","","","","","","","","","",""
"187","910101","チョコレ－ト","0000000000187","","チョコレ－ト商品１８７","100g","91","9101","","","","","","","","","","","","","","","","","","","","","","3","3","3","3","","","","","","","","","","","","","","","",""
"188","910101","チョコレ－ト","0000000000188","","チョコレ－ト商品１８８","100g","91","9101","","","","","","","","","","","","","","","","","","","","","","3","3","3","3","","","","","","","","","","","","","","","",""
"189","910101","チョコレ－ト","0000000000189","","チョコレ－ト商品１８９","100g","91","9101","","","","","","","","","","","","","","","","","","","","","","3","3","3","3","","","","","","","","","","","","","","","",""
"190","910101","チョコレ－ト","0000000000190","","チョコレ－ト商品１９０","100g","91","9101","","","","","","","","","","","","","","","","","","","","","","3","3","3","3","","","","","","","","","","","","","","","",""
"191","910101","チョコレ－ト","0000000000191","","チョコレ－ト商品１９１","100g","91","9101","","","","","","","","","","","","","","","","","","","","","","3","3","3","3","","","","","","","","","","","","","","","",""
"192","910101","チョコレ－ト","0000000000192","","チョコレ－ト商品１９２","100g","91","9101","","","","","","","","","","","","","","","","","","","","","","3","3","3","3","","","","","","","","","","","","","","","",""
"193","910101","チョコレ－ト","0000000000193","","チョコレ－ト商品１９３","100g","91","9101","","","","","","","","","","","","","","","","","","","","","","3","3","3","3","","","","","","","","","","","","","","","",""
"194","910101","チョコレ－ト","0000000000194","","チョコレ－ト商品１９４","100g","91","9101","","","","","","","","","","","","","","","","","","","","","","3","3","3","3","","","","","","","","","","","","","","","",""
"195","910101","チョコレ－ト","0000000000195","","チョコレ－ト商品１９５","100g","91","9101","","","","","","","","","","","","","","","","","","","","","","3","3","3","3","","","","","","","","","","","","","","","",""
"196","910101","チョコレ－ト","0000000000196","","チョコレ－ト商品１９６","100g","91","9101","","","","","","","","","","","","","","","","","","","","","","3","3","3","3","","","","","","","","","","","","","","","",""
"197","910101","チョコレ－ト","0000000000197","","チョコレ－ト商品１９７","100g","91","9101","","","","","","","","","","","","","","","","","","","","","","3","3","3","3","","","","","","","","","","","","","","","",""
"198","910101","チョコレ－ト","0000000000198","","チョコレ－ト商品１９８","100g","91","9101","","","","","","","","","","","","","","","","","","","","","","3","3","3","3","","","","","","","","","","","","","","","",""
"199","910101","チョコレ－ト","0000000000199","","チョコレ－ト商品１９９","100g","91","9101","","","","","","","","","","","","","","","","","","","","","","3","3","3","3","","","","","","","","","","","","","","","",""
"200","910101","チョコレ－ト","0000000000200","","チョコレ－ト商品２００","100g","91","9101","","","","","","","","","","","","","","","","","","","","","","3","3","3","3","","","","","","","","","","","","","","","",""
"201","910101","チョコレ－ト","0000000000201","","チョコレ－ト商品２０１","100g","91","9101","","","","","","","","","","","","","","","","","","","","","","3","3","3","3","","","","","","","","","","","","","","","",""
"202","910101","チョコレ－ト","0000000000202","","チョコレ－ト商品２０２","100g","91","9101","","","","","","","","","","","","","","","","","","","","","","3","3","3","3","","","","","","","","","","","","","","","",""
"203","910101","チョコレ－ト","0000000000203","","チョコレ－ト商品２０３","100g","91","9101","","","","","","","","","","","","","","","","","","","","","","3","3","3","3","","","","","","","","","","","","","","","",""
"204","910101","チョコレ－ト","0000000000204","","チョコレ－ト商品２０４","100g","91","9101","","","","","","","","","","","","","","","","","","","","","","3","3","3","3","","","","","","","","","","","","","","","",""
"205","910101","チョコレ－ト","0000000000205","","チョコレ－ト商品２０５","100g","91","9101","","","","","","","","","","","","","","","","","","","","","","3","3","3","3","","","","","","","","","","","","","","","",""
"206","910101","チョコレ－ト","0000000000206","","チョコレ－ト商品２０６","100g","91","9101","","","","","","","","","","","","","","","","","","","","","","3","3","3","3","","","","","","","","","","","","","","","",""
"207","910101","チョコレ－ト","0000000000207","","チョコレ－ト商品２０７","100g","91","9101","","","","","","","","","","","","","","","","","","","","","","3","3","3","3","","","","","","","","","","","","","","","",""
"208","910101","チョコレ－ト","0000000000208","","チョコレ－ト商品２０８","100g","91","9101","","","","","","","","","","","","","","","","","","","","","","3","3","3","3","","","","","","","","","","","","","","","",""
"209","910101","チョコレ－ト","0000000000209","","チョコレ－ト商品２０９","100g","91","9101","","","","","","","","","","","","","","","","","","","","","","3","3","3","3","","","","","","","","","","","","","","","",""
"210","910101","チョコレ－ト","0000000000210","","チョコレ－ト商品２１０","100g","91","9101","","","","","","","","","","","","","","","","","","","","","","3","3","3","3","","","","","","","","","","","","","","","",""
"211","910101","チョコレ－ト","0000000000211","","チョコレ－ト商品２１１","100g","91","9101","","","","","","","","","","","","","","","","","","","","","","3","3","3","3","","","","","","","","","","","","","","","",""
"212","910101","チョコレ－ト","0000000000212","","チョコレ－ト商品２１２","100g","91","9101","","","","","","","","","","","","","","","","","","","","","","3","3","3","3","","","","","","","","","","","","","","","",""
"213","910101","チョコレ－ト","0000000000213","","チョコレ－ト商品２１３","100g","91","9101","","","","","","","","","","","","","","","","","","","","","","3","3","3","3","","","","","","","","","","","","","","","",""
"214","910101","チョコレ－ト","0000000000214","","チョコレ－ト商品２１４","100g","91","9101","","","","","","","","","","","","","","","","","","","","","","3","3","3","3","","","","","","","","","","","","","","","",""
"215","910101","チョコレ－ト","0000000000215","","チョコレ－ト商品２１５","100g","91","9101","","","","","","","","","","","","","","","","","","","","","","3","3","3","3","","","","","","","","","","","","","","","",""
"216","910101","チョコレ－ト","0000000000216","","チョコレ－ト商品２１６","100g","91","9101","","","","","","","","","","","","","","","","","","","","","","3","3","3","3","","","","","","","","","","","","","","","",""
"217","910101","チョコレ－ト","0000000000217","","チョコレ－ト商品２１７","100g","91","9101","","","","","","","","","","","","","","","","","","","","","","3","3","3","3","","","","","","","","","","","","","","","",""
"218","910101","チョコレ－ト","0000000000218","","チョコレ－ト商品２１８","100g","91","9101","","","","","","","","","","","","","","","","","","","","","","3","3","3","3","","","","","","","","","","","","","","","",""
"219","910101","チョコレ－ト","0000000000219","","チョコレ－ト商品２１９","100g","91","9101","","","","","","","","","","","","","","","","","","","","","","3","3","3","3","","","","","","","","","","","","","","","",""
"220","910101","チョコレ－ト","0000000000220","","チョコレ－ト商品２２０","100g","91","9101","","","","","","","","","","","","","","","","","","","","","","3","3","3","3","","","","","","","","","","","","","","","",""
"221","910101","チョコレ－ト","0000000000221","","チョコレ－ト商品２２１","100g","91","9101","","","","","","","","","","","","","","","","","","","","","","3","3","3","3","","","","","","","","","","","","","","","",""
"222","910101","チョコレ－ト","0000000000222","","チョコレ－ト商品２２２","100g","91","9101","","","","","","","","","","","","","","","","","","","","","","3","3","3","3","","","","","","","","","","","","","","","",""
"223","910101","チョコレ－ト","0000000000223","","チョコレ－ト商品２２３","100g","91","9101","","","","","","","","","","","","","","","","","","","","","","3","3","3","3","","","","","","","","","","","","","","","",""
"224","910101","チョコレ－ト","0000000000224","","チョコレ－ト商品２２４","100g","91","9101","","","","","","","","","","","","","","","","","","","","","","3","3","3","3","","","","","","","","","","","","","","","",""
"225","910101","チョコレ－ト","0000000000225","","チョコレ－ト商品２２５","100g","91","9101","","","","","","","","","","","","","","","","","","","","","","3","3","3","3","","","","","","","","","","","","","","","",""
"226","910101","チョコレ－ト","0000000000226","","チョコレ－ト商品２２６","100g","91","9101","","","","","","","","","","","","","","","","","","","","","","3","3","3","3","","","","","","","","","","","","","","","",""
"227","910101","チョコレ－ト","0000000000227","","チョコレ－ト商品２２７","100g","91","9101","","","","","","","","","","","","","","","","","","","","","","3","3","3","3","","","","","","","","","","","","","","","",""
"228","910101","チョコレ－ト","0000000000228","","チョコレ－ト商品２２８","100g","91","9101","","","","","","","","","","","","","","","","","","","","","","3","3","3","3","","","","","","","","","","","","","","","",""
"229","910101","チョコレ－ト","0000000000229","","チョコレ－ト商品２２９","100g","91","9101","","","","","","","","","","","","","","","","","","","","","","3","3","3","3","","","","","","","","","","","","","","","",""
"230","910101","チョコレ－ト","0000000000230","","チョコレ－ト商品２３０","100g","91","9101","","","","","","","","","","","","","","","","","","","","","","3","3","3","3","","","","","","","","","","","","","","","",""
"231","910101","チョコレ－ト","0000000000231","","チョコレ－ト商品２３１","100g","91","9101","","","","","","","","","","","","","","","","","","","","","","3","3","3","3","","","","","","","","","","","","","","","",""
"232","910101","チョコレ－ト","0000000000232","","チョコレ－ト商品２３２","100g","91","9101","","","","","","","","","","","","","","","","","","","","","","3","3","3","3","","","","","","","","","","","","","","","",""
"233","910101","チョコレ－ト","0000000000233","","チョコレ－ト商品２３３","100g","91","9101","","","","","","","","","","","","","","","","","","","","","","3","3","3","3","","","","","","","","","","","","","","","",""
"234","910101","チョコレ－ト","0000000000234","","チョコレ－ト商品２３４","100g","91","9101","","","","","","","","","","","","","","","","","","","","","","3","3","3","3","","","","","","","","","","","","","","","",""
"235","910101","チョコレ－ト","0000000000235","","チョコレ－ト商品２３５","100g","91","9101","","","","","","","","","","","","","","","","","","","","","","3","3","3","3","","","","","","","","","","","","","","","",""
"236","910101","チョコレ－ト","0000000000236","","チョコレ－ト商品２３６","100g","91","9101","","","","","","","","","","","","","","","","","","","","","","3","3","3","3","","","","","","","","","","","","","","","",""
"237","910101","チョコレ－ト","0000000000237","","チョコレ－ト商品２３７","100g","91","9101","","","","","","","","","","","","","","","","","","","","","","3","3","3","3","","","","","","","","","","","","","","","",""
"238","910101","チョコレ－ト","0000000000238","","チョコレ－ト商品２３８","100g","91","9101","","","","","","","","","","","","","","","","","","","","","","3","3","3","3","","","","","","","","","","","","","","","",""
"239","910101","チョコレ－ト","0000000000239","","チョコレ－ト商品２３９","100g","91","9101","","","","","","","","","","","","","","","","","","","","","","3","3","3","3","","","","","","","","","","","","","","","",""
"240","910101","チョコレ－ト","0000000000240","","チョコレ－ト商品２４０","100g","91","9101","","","","","","","","","","","","","","","","","","","","","","3","3","3","3","","","","","","","","","","","","","","","",""
"241","910101","チョコレ－ト","0000000000241","","チョコレ－ト商品２４１","100g","91","9101","","","","","","","","","","","","","","","","","","","","","","3","3","3","3","","","","","","","","","","","","","","","",""
"242","910101","チョコレ－ト","0000000000242","","チョコレ－ト商品２４２","100g","91","9101","","","","","","","","","","","","","","","","","","","","","","3","3","3","3","","","","","","","","","","","","","","","",""
"243","910101","チョコレ－ト","0000000000243","","チョコレ－ト商品２４３","100g","91","9101","","","","","","","","","","","","","","","","","","","","","","3","3","3","3","","","","","","","","","","","","","","","",""
"244","910101","チョコレ－ト","0000000000244","","チョコレ－ト商品２４４","100g","91","9101","","","","","","","","","","","","","","","","","","","","","","3","3","3","3","","","","","","","","","","","","","","","",""
"245","910101","チョコレ－ト","0000000000245","","チョコレ－ト商品２４５","100g","91","9101","","","","","","","","","","","","","","","","","","","","","","3","3","3","3","","","","","","","","","","","","","","","",""
"246","910101","チョコレ－ト","0000000000246","","チョコレ－ト商品２４６","100g","91","9101","","","","","","","","","","","","","","","","","","","","","","3","3","3","3","","","","","","","","","","","","","","","",""
"247","910101","チョコレ－ト","0000000000247","","チョコレ－ト商品２４７","100g","91","9101","","","","","","","","","","","","","","","","","","","","","","3","3","3","3","","","","","","","","","","","","","","","",""
"248","910101","チョコレ－ト","0000000000248","","チョコレ－ト商品２４８","100g","91","9101","","","","","","","","","","","","","","","","","","","","","","3","3","3","3","","","","","","","","","","","","","","","",""
"249","910101","チョコレ－ト","0000000000249","","チョコレ－ト商品２４９","100g","91","9101","","","","","","","","","","","","","","","","","","","","","","3","3","3","3","","","","","","","","","","","","","","","",""
"250","910101","チョコレ－ト","0000000000250","","チョコレ－ト商品２５０","100g","91","9101","","","","","","","","","","","","","","","","","","","","","","3","3","3","3","","","","","","","","","","","","","","","",""
"251","910101","チョコレ－ト","0000000000251","","チョコレ－ト商品２５１","100g","91","9101","","","","","","","","","","","","","","","","","","","","","","3","3","3","3","","","","","","","","","","","","","","","",""
"252","910101","チョコレ－ト","0000000000252","","チョコレ－ト商品２５２","100g","91","9101","","","","","","","","","","","","","","","","","","","","","","3","3","3","3","","","","","","","","","","","","","","","",""
"253","910101","チョコレ－ト","0000000000253","","チョコレ－ト商品２５３","100g","91","9101","","","","","","","","","","","","","","","","","","","","","","3","3","3","3","","","","","","","","","","","","","","","",""
"254","910101","チョコレ－ト","0000000000254","","チョコレ－ト商品２５４","100g","91","9101","","","","","","","","","","","","","","","","","","","","","","3","3","3","3","","","","","","","","","","","","","","","",""
"255","910101","チョコレ－ト","0000000000255","","チョコレ－ト商品２５５","100g","91","9101","","","","","","","","","","","","","","","","","","","","","","3","3","3","3","","","","","","","","","","","","","","","",""
"256","910101","チョコレ－ト","0000000000256","","チョコレ－ト商品２５６","100g","91","9101","","","","","","","","","","","","","","","","","","","","","","3","3","3","3","","","","","","","","","","","","","","","",""
"257","910101","チョコレ－ト","0000000000257","","チョコレ－ト商品２５７","100g","91","9101","","","","","","","","","","","","","","","","","","","","","","3","3","3","3","","","","","","","","","","","","","","","",""
"258","910101","チョコレ－ト","0000000000258","","チョコレ－ト商品２５８","100g","91","9101","","","","","","","","","","","","","","","","","","","","","","3","3","3","3","","","","","","","","","","","","","","","",""
"259","910101","チョコレ－ト","0000000000259","","チョコレ－ト商品２５９","100g","91","9101","","","","","","","","","","","","","","","","","","","","","","3","3","3","3","","","","","","","","","","","","","","","",""
"260","910101","チョコレ－ト","0000000000260","","チョコレ－ト商品２６０","100g","91","9101","","","","","","","","","","","","","","","","","","","","","","3","3","3","3","","","","","","","","","","","","","","","",""
"261","910101","チョコレ－ト","0000000000261","","チョコレ－ト商品２６１","100g","91","9101","","","","","","","","","","","","","","","","","","","","","","3","3","3","3","","","","","","","","","","","","","","","",""
"262","910101","チョコレ－ト","0000000000262","","チョコレ－ト商品２６２","100g","91","9101","","","","","","","","","","","","","","","","","","","","","","3","3","3","3","","","","","","","","","","","","","","","",""
"263","910101","チョコレ－ト","0000000000263","","チョコレ－ト商品２６３","100g","91","9101","","","","","","","","","","","","","","","","","","","","","","3","3","3","3","","","","","","","","","","","","","","","",""
"264","910101","チョコレ－ト","0000000000264","","チョコレ－ト商品２６４","100g","91","9101","","","","","","","","","","","","","","","","","","","","","","3","3","3","3","","","","","","","","","","","","","","","",""
"265","910101","チョコレ－ト","0000000000265","","チョコレ－ト商品２６５","100g","91","9101","","","","","","","","","","","","","","","","","","","","","","3","3","3","3","","","","","","","","","","","","","","","",""
"266","910101","チョコレ－ト","0000000000266","","チョコレ－ト商品２６６","100g","91","9101","","","","","","","","","","","","","","","","","","","","","","3","3","3","3","","","","","","","","","","","","","","","",""
"267","910101","チョコレ－ト","0000000000267","","チョコレ－ト商品２６７","100g","91","9101","","","","","","","","","","","","","","","","","","","","","","3","3","3","3","","","","","","","","","","","","","","","",""
"268","910101","チョコレ－ト","0000000000268","","チョコレ－ト商品２６８","100g","91","9101","","","","","","","","","","","","","","","","","","","","","","3","3","3","3","","","","","","","","","","","","","","","",""
"269","910101","チョコレ－ト","0000000000269","","チョコレ－ト商品２６９","100g","91","9101","","","","","","","","","","","","","","","","","","","","","","3","3","3","3","","","","","","","","","","","","","","","",""
"270","910101","チョコレ－ト","0000000000270","","チョコレ－ト商品２７０","100g","91","9101","","","","","","","","","","","","","","","","","","","","","","3","3","3","3","","","","","","","","","","","","","","","",""
"271","910101","チョコレ－ト","0000000000271","","チョコレ－ト商品２７１","100g","91","9101","","","","","","","","","","","","","","","","","","","","","","3","3","3","3","","","","","","","","","","","","","","","",""
"272","910101","チョコレ－ト","0000000000272","","チョコレ－ト商品２７２","100g","91","9101","","","","","","","","","","","","","","","","","","","","","","3","3","3","3","","","","","","","","","","","","","","","",""
"273","910101","チョコレ－ト","0000000000273","","チョコレ－ト商品２７３","100g","91","9101","","","","","","","","","","","","","","","","","","","","","","3","3","3","3","","","","","","","","","","","","","","","",""
"274","910101","チョコレ－ト","0000000000274","","チョコレ－ト商品２７４","100g","91","9101","","","","","","","","","","","","","","","","","","","","","","3","3","3","3","","","","","","","","","","","","","","","",""
"275","910101","チョコレ－ト","0000000000275","","チョコレ－ト商品２７５","100g","91","9101","","","","","","","","","","","","","","","","","","","","","","3","3","3","3","","","","","","","","","","","","","","","",""
"276","910101","チョコレ－ト","0000000000276","","チョコレ－ト商品２７６","100g","91","9101","","","","","","","","","","","","","","","","","","","","","","3","3","3","3","","","","","","","","","","","","","","","",""
"277","910101","チョコレ－ト","0000000000277","","チョコレ－ト商品２７７","100g","91","9101","","","","","","","","","","","","","","","","","","","","","","3","3","3","3","","","","","","","","","","","","","","","",""
"278","910101","チョコレ－ト","0000000000278","","チョコレ－ト商品２７８","100g","91","9101","","","","","","","","","","","","","","","","","","","","","","3","3","3","3","","","","","","","","","","","","","","","",""
"279","910101","チョコレ－ト","0000000000279","","チョコレ－ト商品２７９","100g","91","9101","","","","","","","","","","","","","","","","","","","","","","3","3","3","3","","","","","","","","","","","","","","","",""
"280","910101","チョコレ－ト","0000000000280","","チョコレ－ト商品２８０","100g","91","9101","","","","","","","","","","","","","","","","","","","","","","3","3","3","3","","","","","","","","","","","","","","","",""
"281","910101","チョコレ－ト","0000000000281","","チョコレ－ト商品２８１","100g","91","9101","","","","","","","","","","","","","","","","","","","","","","3","3","3","3","","","","","","","","","","","","","","","",""
"282","910101","チョコレ－ト","0000000000282","","チョコレ－ト商品２８２","100g","91","9101","","","","","","","","","","","","","","","","","","","","","","3","3","3","3","","","","","","","","","","","","","","","",""
"283","910101","チョコレ－ト","0000000000283","","チョコレ－ト商品２８３","100g","91","9101","","","","","","","","","","","","","","","","","","","","","","3","3","3","3","","","","","","","","","","","","","","","",""
"284","910101","チョコレ－ト","0000000000284","","チョコレ－ト商品２８４","100g","91","9101","","","","","","","","","","","","","","","","","","","","","","3","3","3","3","","","","","","","","","","","","","","","",""
"285","910101","チョコレ－ト","0000000000285","","チョコレ－ト商品２８５","100g","91","9101","","","","","","","","","","","","","","","","","","","","","","3","3","3","3","","","","","","","","","","","","","","","",""
"286","910101","チョコレ－ト","0000000000286","","チョコレ－ト商品２８６","100g","91","9101","","","","","","","","","","","","","","","","","","","","","","3","3","3","3","","","","","","","","","","","","","","","",""
"287","910101","チョコレ－ト","0000000000287","","チョコレ－ト商品２８７","100g","91","9101","","","","","","","","","","","","","","","","","","","","","","3","3","3","3","","","","","","","","","","","","","","","",""
"288","910101","チョコレ－ト","0000000000288","","チョコレ－ト商品２８８","100g","91","9101","","","","","","","","","","","","","","","","","","","","","","3","3","3","3","","","","","","","","","","","","","","","",""
"289","910101","チョコレ－ト","0000000000289","","チョコレ－ト商品２８９","100g","91","9101","","","","","","","","","","","","","","","","","","","","","","3","3","3","3","","","","","","","","","","","","","","","",""
"290","910101","チョコレ－ト","0000000000290","","チョコレ－ト商品２９０","100g","91","9101","","","","","","","","","","","","","","","","","","","","","","3","3","3","3","","","","","","","","","","","","","","","",""
"291","910101","チョコレ－ト","0000000000291","","チョコレ－ト商品２９１","100g","91","9101","","","","","","","","","","","","","","","","","","","","","","3","3","3","3","","","","","","","","","","","","","","","",""
"292","910101","チョコレ－ト","0000000000292","","チョコレ－ト商品２９２","100g","91","9101","","","","","","","","","","","","","","","","","","","","","","3","3","3","3","","","","","","","","","","","","","","","",""
"293","910101","チョコレ－ト","0000000000293","","チョコレ－ト商品２９３","100g","91","9101","","","","","","","","","","","","","","","","","","","","","","3","3","3","3","","","","","","","","","","","","","","","",""
"294","910101","チョコレ－ト","0000000000294","","チョコレ－ト商品２９４","100g","91","9101","","","","","","","","","","","","","","","","","","","","","","3","3","3","3","","","","","","","","","","","","","","","",""
"295","910101","チョコレ－ト","0000000000295","","チョコレ－ト商品２９５","100g","91","9101","","","","","","","","","","","","","","","","","","","","","","3","3","3","3","","","","","","","","","","","","","","","",""
"296","910101","チョコレ－ト","0000000000296","","チョコレ－ト商品２９６","100g","91","9101","","","","","","","","","","","","","","","","","","","","","","3","3","3","3","","","","","","","","","","","","","","","",""
"297","910101","チョコレ－ト","0000000000297","","チョコレ－ト商品２９７","100g","91","9101","","","","","","","","","","","","","","","","","","","","","","3","3","3","3","","","","","","","","","","","","","","","",""
"298","910101","チョコレ－ト","0000000000298","","チョコレ－ト商品２９８","100g","91","9101","","","","","","","","","","","","","","","","","","","","","","3","3","3","3","","","","","","","","","","","","","","","",""
"299","910101","チョコレ－ト","0000000000299","","チョコレ－ト商品２９９","100g","91","9101","","","","","","","","","","","","","","","","","","","","","","3","3","3","3","","","","","","","","","","","","","","","",""
"300","910101","チョコレ－ト","0000000000300","","チョコレ－ト商品３００","100g","91","9101","","","","","","","","","","","","","","","","","","","","","","3","3","3","3","","","","","","","","","","","","","","","",""
"301","910101","チョコレ－ト","0000000000301","","チョコレ－ト商品３０１","100g","91","9101","","","","","","","","","","","","","","","","","","","","","","3","3","3","3","","","","","","","","","","","","","","","",""
"302","910102","ビスケット・クッキー","0000000000302","","ビスケット・クッキー商品１","100g","91","9101","","","","","","","","","","","","","","","","","","","","","","3","3","3","3","","","","","","","","","","","","","","","",""
"303","910201","その他菓子類","0000000000303","","その他菓子類商品１","100g","91","9102","","","","","","","","","","","","","","","","","","","","","","3","3","3","3","","","","","","","","","","","","","","","",""
"304","920101","牛乳","0000000000304","","牛乳商品１","100g","92","9201","","","","","","","","","","","","","","","","","","","","","","3","3","3","3","","","","","","","","","","","","","","","",""
